Question,Ground Truth,Chatbot Answer,Cleaned Answer,Status,Faithfulness (NLI),Semantic F1,Semantic Recall,Citation Score,NLI Entailment Prob
รายได้รวมจากการดำเนินงานในปี 2566 เท่าไหร่?,"171,103,130.00 พันบาท","รายได้รวมจากการดำเนินงานในปี 2566 เท่ากับ 171,103,130,000 บาท ครับ [Page 5].","รายได้รวมจากการดำเนินงานในปี 2566 เท่ากับ 171,103,130,000 บาท  .",PASSED,1.0,0.7008659839630127,0.7816253304481506,1.0,0.9378868341445923
อัตราส่วนรายได้ดอกเบี้ยสุทธิในปี 2567 คือเท่าไหร่?,75.08%,อัตราส่วนรายได้ดอกเบี้ยสุทธิในปี 2567 คือ 75.08% ครับ [Page 5].,อัตราส่วนรายได้ดอกเบี้ยสุทธิในปี 2567 คือ 75.08%  .,PASSED,1.0,0.5635172724723816,0.8082640767097473,1.0,0.9204978346824646
รายได้ค่าธรรมเนียมและบริการสุทธิในปี 2565 มีค่าเป็นจำนวนเงินเท่าไหร่?,"37,147,545.00 พันบาท","รายได้ค่าธรรมเนียมและบริการสุทธิในปี 2565 มีค่าเป็นจำนวนเงิน 37,147,545.00 บาทครับ [Page 5].","รายได้ค่าธรรมเนียมและบริการสุทธิในปี 2565 มีค่าเป็นจำนวนเงิน 37,147,545.00 บาท .",PASSED,1.0,0.6836187839508057,0.834604024887085,1.0,0.9596105217933655
ในปี 2566 รายได้จากต่างประเทศมีมูลค่าเท่าไหร่?,"1,058,131.00 พันบาท","ในปี 2566 รายได้จากต่างประเทศมีมูลค่า 1,058,131,000 บาท ครับ [Page 5].","ในปี 2566 รายได้จากต่างประเทศมีมูลค่า 1,058,131,000 บาท  .",PASSED,1.0,0.7034555077552795,0.7999791502952576,1.0,0.7867089509963989
อัตราส่วนรายได้จากในประเทศในปี 2567 คือเท่าไหร่?,99.34%,อัตราส่วนรายได้จากในประเทศในปี 2567 คือ 99.34% ครับ [Page 5].,อัตราส่วนรายได้จากในประเทศในปี 2567 คือ 99.34%  .,PASSED,1.0,0.6263877153396606,0.8196176290512085,1.0,0.8176429867744446
การดำเนินโครงการในอนาคตไม่เป็นไปตามแผนหรือไม่?,ใช่,การดำเนินโครงการในอนาคตอาจไม่เป็นไปตามแผนได้เนื่องจากหลายปัจจัย เช่น ความผันผวนในอุตสาหกรรมที่ดำเนินธุรกิจอยู่ พฤติกรรมหรือความต้องการของลูกค้า นโยบายของรัฐ การเปลี่ยนแปลงด้านเทคโนโลยี และความเสียหายด้านภาพลักษณ์และชื่อเสียงของบริษัท ซึ่งทั้งหมดนี้สามารถส่งผลกระทบต่อความสำเร็จของโครงการได้ครับ [Page 5].,การดำเนินโครงการในอนาคตอาจไม่เป็นไปตามแผนได้เนื่องจากหลายปัจจัย เช่น ความผันผวนในอุตสาหกรรมที่ดำเนินธุรกิจอยู่ พฤติกรรมหรือความต้องการของลูกค้า นโยบายของรัฐ การเปลี่ยนแปลงด้านเทคโนโลยี และความเสียหายด้านภาพลักษณ์และชื่อเสียงของบริษัท ซึ่งทั้งหมดนี้สามารถส่งผลกระทบต่อความสำเร็จของโครงการได้ .,FAILED,0.0,0.43462619185447693,0.6008949279785156,1.0,0.06705321371555328
การดำเนินธุรกิจที่ไม่มีผลประกอบการในเชิงพาณิชย์มีความเสี่ยงหรือไม่?,ใช่,การดำเนินธุรกิจที่ไม่มีผลประกอบการในเชิงพาณิชย์มีความเสี่ยงสูง เนื่องจากอาจส่งผลกระทบต่อความสามารถในการสร้างรายได้และการดำเนินงานของบริษัทในระยะยาว โดยเฉพาะอย่างยิ่งในด้านการเงิน ซึ่งอาจทำให้บริษัทไม่สามารถชำระหนี้หรือรักษาสภาพคล่องได้ นอกจากนี้ยังมีความเสี่ยงด้านภาพลักษณ์และชื่อเสียงของบริษัทที่อาจได้รับผลกระทบจากการขาดผลประกอบการที่ดี ซึ่งอาจทำให้ลูกค้าและนักลงทุนมีความกังวลเกี่ยวกับความสามารถในการดำเนินธุรกิจในอนาคต [Page 5] ครับ,การดำเนินธุรกิจที่ไม่มีผลประกอบการในเชิงพาณิชย์มีความเสี่ยงสูง เนื่องจากอาจส่งผลกระทบต่อความสามารถในการสร้างรายได้และการดำเนินงานของบริษัทในระยะยาว โดยเฉพาะอย่างยิ่งในด้านการเงิน ซึ่งอาจทำให้บริษัทไม่สามารถชำระหนี้หรือรักษาสภาพคล่องได้ นอกจากนี้ยังมีความเสี่ยงด้านภาพลักษณ์และชื่อเสียงของบริษัทที่อาจได้รับผลกระทบจากการขาดผลประกอบการที่ดี ซึ่งอาจทำให้ลูกค้าและนักลงทุนมีความกังวลเกี่ยวกับความสามารถในการดำเนินธุรกิจในอนาคต,FAILED,0.0,0.34537142515182495,0.36615878343582153,1.0,0.08222135901451111
ความปลอดภัยและอาชีวอนามัยในการทำงานเป็นปัจจัยที่ต้องพิจารณาหรือไม่?,ใช่,ความปลอดภัยและอาชีวอนามัยในการทำงานเป็นปัจจัยที่ต้องพิจารณาอย่างยิ่ง เนื่องจากการทำงานในสภาพแวดล้อมที่มีความเสี่ยง เช่น บริเวณที่มีการเก็บของเหลวติดไฟหรือก๊าซที่ติดไฟได้ อาจนำไปสู่อันตรายที่เกิดจากการระเบิดหรือไฟไหม้ได้ หากไม่มีการจัดการที่เหมาะสม นอกจากนี้ การมีมาตรการด้านความปลอดภัยที่เข้มงวดจะช่วยป้องกันอุบัติเหตุและส่งเสริมสุขภาพของพนักงาน ซึ่งเป็นสิ่งสำคัญในการรักษาประสิทธิภาพการทำงานและลดความเสี่ยงที่อาจเกิดขึ้นในองค์กร [Page 1] ครับ,ความปลอดภัยและอาชีวอนามัยในการทำงานเป็นปัจจัยที่ต้องพิจารณาอย่างยิ่ง เนื่องจากการทำงานในสภาพแวดล้อมที่มีความเสี่ยง เช่น บริเวณที่มีการเก็บของเหลวติดไฟหรือก๊าซที่ติดไฟได้ อาจนำไปสู่อันตรายที่เกิดจากการระเบิดหรือไฟไหม้ได้ หากไม่มีการจัดการที่เหมาะสม นอกจากนี้ การมีมาตรการด้านความปลอดภัยที่เข้มงวดจะช่วยป้องกันอุบัติเหตุและส่งเสริมสุขภาพของพนักงาน ซึ่งเป็นสิ่งสำคัญในการรักษาประสิทธิภาพการทำงานและลดความเสี่ยงที่อาจเกิดขึ้นในองค์กร,FAILED,0.0,0.42739763855934143,0.5876096487045288,1.0,0.0335971936583519
การเปลี่ยนแปลงสภาพภูมิอากาศส่งผลกระทบต่อธุรกิจอย่างไร?,ส่งผลกระทบต่อสิ่งแวดล้อม,"การเปลี่ยนแปลงสภาพภูมิอากาศส่งผลกระทบต่อธุรกิจในหลายด้าน โดยเฉพาะในด้านการผลิตและการจัดหาวัตถุดิบ ซึ่งอาจทำให้เกิดความไม่แน่นอนในความสามารถในการจัดหาวัตถุดิบที่จำเป็นสำหรับการผลิตสินค้า นอกจากนี้ยังอาจส่งผลต่อค่าใช้จ่ายในการดำเนินงาน เช่น ค่าใช้จ่ายด้านพลังงานและการจัดการทรัพยากรน้ำที่อาจเพิ่มสูงขึ้นจากการเปลี่ยนแปลงสภาพภูมิอากาศ

การเปลี่ยนแปลงสภาพภูมิอากาศยังสามารถส่งผลกระทบต่อความต้องการของผู้บริโภค โดยเฉพาะในอุตสาหกรรมอาหารที่ผู้บริโภคอาจมีความต้องการที่เปลี่ยนแปลงไปตามสภาพอากาศ นอกจากนี้ยังมีผลกระทบต่อภาพลักษณ์และชื่อเสียงของแบรนด์ หากธุรกิจไม่สามารถปรับตัวหรือจัดการกับผลกระทบจากการเปลี่ยนแปลงสภาพภูมิอากาศได้อย่างมีประสิทธิภาพ

ดังนั้น ธุรกิจจึงจำเป็นต้องมีการวางแผนและกลยุทธ์ในการจัดการกับความเสี่ยงที่เกิดจากการเปลี่ยนแปลงสภาพภูมิอากาศ เพื่อให้สามารถดำเนินธุรกิจได้อย่างยั่งยืนในอนาคตครับ [Page 5].","การเปลี่ยนแปลงสภาพภูมิอากาศส่งผลกระทบต่อธุรกิจในหลายด้าน โดยเฉพาะในด้านการผลิตและการจัดหาวัตถุดิบ ซึ่งอาจทำให้เกิดความไม่แน่นอนในความสามารถในการจัดหาวัตถุดิบที่จำเป็นสำหรับการผลิตสินค้า นอกจากนี้ยังอาจส่งผลต่อค่าใช้จ่ายในการดำเนินงาน เช่น ค่าใช้จ่ายด้านพลังงานและการจัดการทรัพยากรน้ำที่อาจเพิ่มสูงขึ้นจากการเปลี่ยนแปลงสภาพภูมิอากาศ

การเปลี่ยนแปลงสภาพภูมิอากาศยังสามารถส่งผลกระทบต่อความต้องการของผู้บริโภค โดยเฉพาะในอุตสาหกรรมอาหารที่ผู้บริโภคอาจมีความต้องการที่เปลี่ยนแปลงไปตามสภาพอากาศ นอกจากนี้ยังมีผลกระทบต่อภาพลักษณ์และชื่อเสียงของแบรนด์ หากธุรกิจไม่สามารถปรับตัวหรือจัดการกับผลกระทบจากการเปลี่ยนแปลงสภาพภูมิอากาศได้อย่างมีประสิทธิภาพ

ดังนั้น ธุรกิจจึงจำเป็นต้องมีการวางแผนและกลยุทธ์ในการจัดการกับความเสี่ยงที่เกิดจากการเปลี่ยนแปลงสภาพภูมิอากาศ เพื่อให้สามารถดำเนินธุรกิจได้อย่างยั่งยืนในอนาคต .",PASSED,1.0,0.5576490759849548,0.6462130546569824,1.0,0.823916494846344
การละเมิดกฎระเบียบและกฎหมายที่เกี่ยวข้องมีความเสี่ยงหรือไม่?,ใช่,"การละเมิดกฎระเบียบและกฎหมายที่เกี่ยวข้องมีความเสี่ยงสูงครับ เนื่องจากอาจนำไปสู่การถูกปรับหรือถูกดำเนินคดีตามกฎหมาย ซึ่งอาจส่งผลกระทบต่อชื่อเสียงของธุรกิจและความเชื่อมั่นของลูกค้า นอกจากนี้ยังอาจทำให้เกิดค่าใช้จ่ายเพิ่มเติมในการแก้ไขปัญหาที่เกิดขึ้นจากการละเมิดกฎระเบียบเหล่านั้น เช่น ค่าปรับ ค่าทนายความ หรือค่าใช้จ่ายในการปรับปรุงระบบให้เป็นไปตามกฎหมายที่กำหนด

การปฏิบัติตามกฎระเบียบและกฎหมายที่เกี่ยวข้องจึงเป็นสิ่งสำคัญในการดำเนินธุรกิจ โดยเฉพาะในอุตสาหกรรมที่เกี่ยวข้องกับพลังงานและการชาร์จรถยนต์ไฟฟ้า ซึ่งมีมาตรฐานและกฎระเบียบที่ต้องปฏิบัติตามอย่างเคร่งครัดเพื่อความปลอดภัยและการให้บริการที่มีคุณภาพครับ [Page 1].","การละเมิดกฎระเบียบและกฎหมายที่เกี่ยวข้องมีความเสี่ยงสูง เนื่องจากอาจนำไปสู่การถูกปรับหรือถูกดำเนินคดีตามกฎหมาย ซึ่งอาจส่งผลกระทบต่อชื่อเสียงของธุรกิจและความเชื่อมั่นของลูกค้า นอกจากนี้ยังอาจทำให้เกิดค่าใช้จ่ายเพิ่มเติมในการแก้ไขปัญหาที่เกิดขึ้นจากการละเมิดกฎระเบียบเหล่านั้น เช่น ค่าปรับ ค่าทนายความ หรือค่าใช้จ่ายในการปรับปรุงระบบให้เป็นไปตามกฎหมายที่กำหนด

การปฏิบัติตามกฎระเบียบและกฎหมายที่เกี่ยวข้องจึงเป็นสิ่งสำคัญในการดำเนินธุรกิจ โดยเฉพาะในอุตสาหกรรมที่เกี่ยวข้องกับพลังงานและการชาร์จรถยนต์ไฟฟ้า ซึ่งมีมาตรฐานและกฎระเบียบที่ต้องปฏิบัติตามอย่างเคร่งครัดเพื่อความปลอดภัยและการให้บริการที่มีคุณภาพ .",FAILED,0.0,0.41715067625045776,0.6025100350379944,1.0,0.017453087493777275
ความเสี่ยงด้านกลยุทธ์และการประกอบธุรกิจมีอะไรบ้าง?,"มีความไม่แน่นอนของภาวะเศรษฐกิจ, ความเสี่ยงจากการลงทุนในธุรกิจใหม่, ความผันผวนในอุตสาหกรรม, การแพร่ระบาดของโรคติดต่อ, การเปลี่ยนแปลงสภาพภูมิอากาศและการเกิดภัยพิบัติ","ความเสี่ยงด้านกลยุทธ์และการประกอบธุรกิจมีหลายประการ ซึ่งรวมถึง:

1. **ความผันผวนในอุตสาหกรรมที่ดำเนินธุรกิจอยู่** - การเปลี่ยนแปลงในตลาดหรืออุตสาหกรรมสามารถส่งผลกระทบต่อการดำเนินงานและผลกำไรของบริษัทได้
2. **พฤติกรรมหรือความต้องการของลูกค้า/ผู้บริโภค** - การเปลี่ยนแปลงในความต้องการหรือพฤติกรรมของลูกค้าอาจทำให้บริษัทต้องปรับกลยุทธ์การตลาดหรือผลิตภัณฑ์
3. **นโยบายของรัฐ** - การเปลี่ยนแปลงในกฎหมายหรือระเบียบที่เกี่ยวข้องกับธุรกิจอาจส่งผลต่อการดำเนินงาน
4. **การเปลี่ยนแปลงด้านเทคโนโลยี** - เทคโนโลยีที่พัฒนาอย่างรวดเร็วอาจทำให้บริษัทต้องปรับตัวเพื่อไม่ให้ล้าหลัง
5. **ธุรกิจของคู่ค้าหรือผู้ประกอบการในห่วงโซ่อุปทาน** - ความเสี่ยงที่เกิดจากการพึ่งพิงคู่ค้าในห่วงโซ่อุปทานอาจส่งผลกระทบต่อการผลิตและการจัดส่ง
6. **ความเสียหายด้านภาพลักษณ์และชื่อเสียง** - การจัดการชื่อเสียงของบริษัทเป็นสิ่งสำคัญ เนื่องจากความเสียหายอาจเกิดขึ้นจากเหตุการณ์ที่ไม่คาดคิด

การจัดการความเสี่ยงเหล่านี้จึงเป็นสิ่งสำคัญเพื่อให้บริษัทสามารถดำเนินธุรกิจได้อย่างมีประสิทธิภาพและยั่งยืน [Page 5] ครับ","ความเสี่ยงด้านกลยุทธ์และการประกอบธุรกิจมีหลายประการ ซึ่งรวมถึง:

1. **ความผันผวนในอุตสาหกรรมที่ดำเนินธุรกิจอยู่** - การเปลี่ยนแปลงในตลาดหรืออุตสาหกรรมสามารถส่งผลกระทบต่อการดำเนินงานและผลกำไรของบริษัทได้
2. **พฤติกรรมหรือความต้องการของลูกค้า/ผู้บริโภค** - การเปลี่ยนแปลงในความต้องการหรือพฤติกรรมของลูกค้าอาจทำให้บริษัทต้องปรับกลยุทธ์การตลาดหรือผลิตภัณฑ์
3. **นโยบายของรัฐ** - การเปลี่ยนแปลงในกฎหมายหรือระเบียบที่เกี่ยวข้องกับธุรกิจอาจส่งผลต่อการดำเนินงาน
4. **การเปลี่ยนแปลงด้านเทคโนโลยี** - เทคโนโลยีที่พัฒนาอย่างรวดเร็วอาจทำให้บริษัทต้องปรับตัวเพื่อไม่ให้ล้าหลัง
5. **ธุรกิจของคู่ค้าหรือผู้ประกอบการในห่วงโซ่อุปทาน** - ความเสี่ยงที่เกิดจากการพึ่งพิงคู่ค้าในห่วงโซ่อุปทานอาจส่งผลกระทบต่อการผลิตและการจัดส่ง
6. **ความเสียหายด้านภาพลักษณ์และชื่อเสียง** - การจัดการชื่อเสียงของบริษัทเป็นสิ่งสำคัญ เนื่องจากความเสียหายอาจเกิดขึ้นจากเหตุการณ์ที่ไม่คาดคิด

การจัดการความเสี่ยงเหล่านี้จึงเป็นสิ่งสำคัญเพื่อให้บริษัทสามารถดำเนินธุรกิจได้อย่างมีประสิทธิภาพและยั่งยืน",PASSED,1.0,0.6425036787986755,0.6901789903640747,1.0,0.543029248714447
ความเสี่ยงด้านการเงินมีอะไรบ้าง?,"มีความผันผวนของอัตราแลกเปลี่ยน, อัตราดอกเบี้ย, อัตราเงินเฟ้อ, การไม่เพียงพอของเงินทุน, ความเสี่ยงจากการขาดสภาพคล่อง","ความเสี่ยงด้านการเงินประกอบด้วยหลายประเด็นที่สำคัญ ได้แก่:

1. **การไม่เพียงพอของเงินทุน**: อาจส่งผลกระทบต่อการดำเนินธุรกิจและการลงทุนในอนาคต
2. **การเปลี่ยนแปลงนโยบายด้านการเงินและการลงทุนของสถาบันการเงิน**: ซึ่งอาจมีผลกระทบต่อการดำเนินงานของบริษัท
3. **การผิดนัดชำระหนี้หรือการแลกเปลี่ยนสินค้า**: อาจทำให้บริษัทประสบปัญหาทางการเงิน
4. **ความผันผวนของอัตราแลกเปลี่ยน, อัตราดอกเบี้ย, และอัตราเงินเฟ้อ**: ซึ่งสามารถส่งผลกระทบต่อผลกำไรและต้นทุนการดำเนินงาน
5. **ความผันผวนของผลตอบแทนในสินทรัพย์หรือเงินลงทุน**: อาจทำให้บริษัทไม่สามารถสร้างผลตอบแทนที่คาดหวังได้

ข้อมูลเหล่านี้ช่วยให้บริษัทสามารถวางแผนและจัดการความเสี่ยงทางการเงินได้อย่างมีประสิทธิภาพ [Page 5].","ความเสี่ยงด้านการเงินประกอบด้วยหลายประเด็นที่สำคัญ ได้แก่:

1. **การไม่เพียงพอของเงินทุน**: อาจส่งผลกระทบต่อการดำเนินธุรกิจและการลงทุนในอนาคต
2. **การเปลี่ยนแปลงนโยบายด้านการเงินและการลงทุนของสถาบันการเงิน**: ซึ่งอาจมีผลกระทบต่อการดำเนินงานของบริษัท
3. **การผิดนัดชำระหนี้หรือการแลกเปลี่ยนสินค้า**: อาจทำให้บริษัทประสบปัญหาทางการเงิน
4. **ความผันผวนของอัตราแลกเปลี่ยน, อัตราดอกเบี้ย, และอัตราเงินเฟ้อ**: ซึ่งสามารถส่งผลกระทบต่อผลกำไรและต้นทุนการดำเนินงาน
5. **ความผันผวนของผลตอบแทนในสินทรัพย์หรือเงินลงทุน**: อาจทำให้บริษัทไม่สามารถสร้างผลตอบแทนที่คาดหวังได้

ข้อมูลเหล่านี้ช่วยให้บริษัทสามารถวางแผนและจัดการความเสี่ยงทางการเงินได้อย่างมีประสิทธิภาพ .",FAILED,0.0,0.7086861729621887,0.816936194896698,1.0,0.24925068020820618
มาตรการจัดการความเสี่ยงด้านการเงินคืออะไร?,มีการจัดการความเสี่ยงเพื่อรับมือกับความเสี่ยงด้านการเงิน,มาตรการจัดการความเสี่ยงด้านการเงินของบริษัทประกอบด้วยการดำเนินการเพื่อจัดการกับความเสี่ยงที่เกี่ยวข้องกับการเงิน เช่น การไม่เพียงพอของเงินทุน การเปลี่ยนแปลงนโยบายด้านการเงินและการลงทุนของสถาบันการเงินที่มีผลต่อการดำเนินงาน การผิดนัดชำระหนี้หรือการแลกเปลี่ยนสินค้า รวมถึงความผันผวนของอัตราแลกเปลี่ยน อัตราดอกเบี้ย และอัตราเงินเฟ้อ นอกจากนี้ยังรวมถึงการจัดการความเสี่ยงจากการขาดสภาพคล่องในการดำเนินธุรกิจด้วยครับ [Page 5].,มาตรการจัดการความเสี่ยงด้านการเงินของบริษัทประกอบด้วยการดำเนินการเพื่อจัดการกับความเสี่ยงที่เกี่ยวข้องกับการเงิน เช่น การไม่เพียงพอของเงินทุน การเปลี่ยนแปลงนโยบายด้านการเงินและการลงทุนของสถาบันการเงินที่มีผลต่อการดำเนินงาน การผิดนัดชำระหนี้หรือการแลกเปลี่ยนสินค้า รวมถึงความผันผวนของอัตราแลกเปลี่ยน อัตราดอกเบี้ย และอัตราเงินเฟ้อ นอกจากนี้ยังรวมถึงการจัดการความเสี่ยงจากการขาดสภาพคล่องในการดำเนินธุรกิจด้วย .,PASSED,1.0,0.6711596250534058,0.7829627990722656,1.0,0.8204612135887146
ความเสี่ยงด้านสภาพคล่องคืออะไร?,คือความเสี่ยงจากการขาดสภาพคล่องในการดำเนินธุรกิจ,"ความเสี่ยงด้านสภาพคล่องหมายถึงความเสี่ยงที่บริษัทอาจไม่สามารถชำระหนี้หรือค่าใช้จ่ายที่เกิดขึ้นได้ตามกำหนดเวลา เนื่องจากไม่มีเงินสดหรือสินทรัพย์ที่สามารถเปลี่ยนเป็นเงินสดได้ในช่วงเวลาที่ต้องการ ซึ่งอาจเกิดจากการบริหารจัดการเงินสดที่ไม่ดี การลดลงของรายได้ หรือการลงทุนในโครงการที่ไม่สามารถสร้างรายได้ทันที

ความเสี่ยงด้านสภาพคล่องมีความสำคัญต่อการดำเนินธุรกิจ เนื่องจากหากบริษัทไม่สามารถจัดการกับสภาพคล่องได้ จะส่งผลให้เกิดปัญหาทางการเงิน เช่น การผิดนัดชำระหนี้ หรือการขาดทุนจากการขายสินทรัพย์ในราคาที่ต่ำกว่ามูลค่าจริง

มาตรการจัดการความเสี่ยงด้านสภาพคล่องรวมถึงการวางแผนการเงินอย่างรอบคอบ การรักษาสินทรัพย์ที่มีสภาพคล่องสูง และการจัดทำงบประมาณที่เหมาะสมเพื่อให้แน่ใจว่ามีเงินสดเพียงพอสำหรับการดำเนินงานในระยะสั้นและระยะยาว [Page 5] ครับ","ความเสี่ยงด้านสภาพคล่องหมายถึงความเสี่ยงที่บริษัทอาจไม่สามารถชำระหนี้หรือค่าใช้จ่ายที่เกิดขึ้นได้ตามกำหนดเวลา เนื่องจากไม่มีเงินสดหรือสินทรัพย์ที่สามารถเปลี่ยนเป็นเงินสดได้ในช่วงเวลาที่ต้องการ ซึ่งอาจเกิดจากการบริหารจัดการเงินสดที่ไม่ดี การลดลงของรายได้ หรือการลงทุนในโครงการที่ไม่สามารถสร้างรายได้ทันที

ความเสี่ยงด้านสภาพคล่องมีความสำคัญต่อการดำเนินธุรกิจ เนื่องจากหากบริษัทไม่สามารถจัดการกับสภาพคล่องได้ จะส่งผลให้เกิดปัญหาทางการเงิน เช่น การผิดนัดชำระหนี้ หรือการขาดทุนจากการขายสินทรัพย์ในราคาที่ต่ำกว่ามูลค่าจริง

มาตรการจัดการความเสี่ยงด้านสภาพคล่องรวมถึงการวางแผนการเงินอย่างรอบคอบ การรักษาสินทรัพย์ที่มีสภาพคล่องสูง และการจัดทำงบประมาณที่เหมาะสมเพื่อให้แน่ใจว่ามีเงินสดเพียงพอสำหรับการดำเนินงานในระยะสั้นและระยะยาว",FAILED,0.0,0.6360421776771545,0.7191301584243774,1.0,0.4518876373767853
ความเสี่ยงจากการลงทุนในธุรกิจใหม่คือประเภทของความเสี่ยงใด?,เป็นความเสี่ยงด้านกลยุทธ์และการประกอบธุรกิจ,ความเสี่ยงจากการลงทุนในธุรกิจใหม่ถือเป็นประเภทของความเสี่ยงด้านกลยุทธ์และการประกอบธุรกิจ (Strategic Risk) ครับ เนื่องจากการลงทุนในธุรกิจใหม่มักเกี่ยวข้องกับความไม่แน่นอนในตลาดและความผันผวนที่อาจเกิดขึ้นจากการเปลี่ยนแปลงในพฤติกรรมของผู้บริโภค นโยบายของรัฐ หรือการเปลี่ยนแปลงด้านเทคโนโลยี ซึ่งทั้งหมดนี้สามารถส่งผลกระทบต่อความสำเร็จของการลงทุนได้ [Page 5].,ความเสี่ยงจากการลงทุนในธุรกิจใหม่ถือเป็นประเภทของความเสี่ยงด้านกลยุทธ์และการประกอบธุรกิจ (Strategic Risk)  เนื่องจากการลงทุนในธุรกิจใหม่มักเกี่ยวข้องกับความไม่แน่นอนในตลาดและความผันผวนที่อาจเกิดขึ้นจากการเปลี่ยนแปลงในพฤติกรรมของผู้บริโภค นโยบายของรัฐ หรือการเปลี่ยนแปลงด้านเทคโนโลยี ซึ่งทั้งหมดนี้สามารถส่งผลกระทบต่อความสำเร็จของการลงทุนได้ .,FAILED,0.0,0.6486337780952454,0.8045821189880371,1.0,0.07797412574291229
ความเสี่ยงด้านการเงินคืออะไร?,ความเสี่ยงจากการขาดสภาพคล่องในการดำเนินธุรกิจ,"ความเสี่ยงด้านการเงิน (Financial Risk) หมายถึง ความเสี่ยงที่เกิดจากความไม่แน่นอนในด้านการเงิน ซึ่งอาจส่งผลกระทบต่อผลประกอบการและสถานะทางการเงินขององค์กร โดยรวมถึงปัจจัยต่าง ๆ เช่น:

1. **การไม่เพียงพอของเงินทุน**: อาจทำให้ไม่สามารถดำเนินกิจการได้ตามแผนที่วางไว้
2. **การเปลี่ยนแปลงนโยบายด้านการเงินและการลงทุนของสถาบันการเงิน**: อาจส่งผลต่อการเข้าถึงเงินทุนหรืออัตราดอกเบี้ย
3. **การผิดนัดชำระหนี้หรือการแลกเปลี่ยนสินค้า**: อาจทำให้เกิดความเสียหายทางการเงิน
4. **ความผันผวนของอัตราแลกเปลี่ยน / อัตราดอกเบี้ย / อัตราเงินเฟ้อ**: อาจทำให้ต้นทุนการดำเนินงานสูงขึ้นหรือลดลง
5. **ความผันผวนของผลตอบแทนในสินทรัพย์หรือเงินลงทุน**: อาจทำให้ผลประกอบการไม่แน่นอน

การจัดการความเสี่ยงด้านการเงินจึงมีความสำคัญเพื่อให้สามารถรักษาสถานะทางการเงินที่มั่นคงและลดความเสี่ยงที่อาจเกิดขึ้นในอนาคต [Page 5].","ความเสี่ยงด้านการเงิน (Financial Risk) หมายถึง ความเสี่ยงที่เกิดจากความไม่แน่นอนในด้านการเงิน ซึ่งอาจส่งผลกระทบต่อผลประกอบการและสถาทางการเงินขององค์กร โดยรวมถึงปัจจัยต่าง ๆ เช่น:

1. **การไม่เพียงพอของเงินทุน**: อาจทำให้ไม่สามารถดำเนินกิจการได้ตามแผนที่วางไว้
2. **การเปลี่ยนแปลงนโยบายด้านการเงินและการลงทุนของสถาบันการเงิน**: อาจส่งผลต่อการเข้าถึงเงินทุนหรืออัตราดอกเบี้ย
3. **การผิดนัดชำระหนี้หรือการแลกเปลี่ยนสินค้า**: อาจทำให้เกิดความเสียหายทางการเงิน
4. **ความผันผวนของอัตราแลกเปลี่ยน / อัตราดอกเบี้ย / อัตราเงินเฟ้อ**: อาจทำให้ต้นทุนการดำเนินงานสูงขึ้นหรือลดลง
5. **ความผันผวนของผลตอบแทนในสินทรัพย์หรือเงินลงทุน**: อาจทำให้ผลประกอบการไม่แน่นอน

การจัดการความเสี่ยงด้านการเงินจึงมีความสำคัญเพื่อให้สามารถรักษาสถาทางการเงินที่มั่นคงและลดความเสี่ยงที่อาจเกิดขึ้นในอนาคต .",FAILED,0.0,0.6195129156112671,0.7261255979537964,1.0,0.1508018672466278
ความเสี่ยงด้านกลยุทธ์และการประกอบธุรกิจมีอะไรบ้าง?,การเปลี่ยนแปลงด้านเทคโนโลยี,"ความเสี่ยงด้านกลยุทธ์และการประกอบธุรกิจมีหลายประการ ซึ่งรวมถึง:

1. **ความผันผวนในอุตสาหกรรมที่ดำเนินธุรกิจอยู่** - การเปลี่ยนแปลงในตลาดหรืออุตสาหกรรมสามารถส่งผลกระทบต่อการดำเนินงานและผลกำไรของบริษัทได้
2. **พฤติกรรมหรือความต้องการของลูกค้า/ผู้บริโภค** - การเปลี่ยนแปลงในความต้องการของลูกค้าสามารถทำให้บริษัทต้องปรับกลยุทธ์เพื่อให้ตอบสนองต่อความต้องการที่เปลี่ยนแปลง
3. **นโยบายของรัฐ** - การเปลี่ยนแปลงในกฎหมายหรือข้อบังคับที่เกี่ยวข้องกับธุรกิจอาจส่งผลกระทบต่อการดำเนินงาน
4. **การเปลี่ยนแปลงด้านเทคโนโลยี** - เทคโนโลยีที่เปลี่ยนแปลงอย่างรวดเร็วอาจทำให้บริษัทต้องปรับตัวเพื่อไม่ให้ล้าหลัง
5. **ธุรกิจของคู่ค้าหรือผู้ประกอบการในห่วงโซ่อุปทาน** - ความเสี่ยงจากการที่คู่ค้าหรือผู้ประกอบการในห่วงโซ่อุปทานไม่สามารถปฏิบัติตามข้อตกลงได้
6. **ความเสียหายด้านภาพลักษณ์และชื่อเสียง** - การเกิดเหตุการณ์ที่ส่งผลกระทบต่อภาพลักษณ์ของบริษัทอาจทำให้ลูกค้าและผู้มีส่วนได้ส่วนเสียสูญเสียความเชื่อมั่น

การจัดการความเสี่ยงเหล่านี้จึงเป็นสิ่งสำคัญสำหรับการดำเนินธุรกิจอย่างยั่งยืนและประสบความสำเร็จในระยะยาว [Page 1].","ความเสี่ยงด้านกลยุทธ์และการประกอบธุรกิจมีหลายประการ ซึ่งรวมถึง:

1. **ความผันผวนในอุตสาหกรรมที่ดำเนินธุรกิจอยู่** - การเปลี่ยนแปลงในตลาดหรืออุตสาหกรรมสามารถส่งผลกระทบต่อการดำเนินงานและผลกำไรของบริษัทได้
2. **พฤติกรรมหรือความต้องการของลูกค้า/ผู้บริโภค** - การเปลี่ยนแปลงในความต้องการของลูกค้าสามารถทำให้บริษัทต้องปรับกลยุทธ์เพื่อให้ตอบสนองต่อความต้องการที่เปลี่ยนแปลง
3. **นโยบายของรัฐ** - การเปลี่ยนแปลงในกฎหมายหรือข้อบังที่เกี่ยวข้องกับธุรกิจอาจส่งผลกระทบต่อการดำเนินงาน
4. **การเปลี่ยนแปลงด้านเทคโนโลยี** - เทคโนโลยีที่เปลี่ยนแปลงอย่างรวดเร็วอาจทำให้บริษัทต้องปรับตัวเพื่อไม่ให้ล้าหลัง
5. **ธุรกิจของคู่ค้าหรือผู้ประกอบการในห่วงโซ่อุปทาน** - ความเสี่ยงจากการที่คู่ค้าหรือผู้ประกอบการในห่วงโซ่อุปทานไม่สามารถปฏิบัติตามข้อตกลงได้
6. **ความเสียหายด้านภาพลักษณ์และชื่อเสียง** - การเกิดเหตุการณ์ที่ส่งผลกระทบต่อภาพลักษณ์ของบริษัทอาจทำให้ลูกค้าและผู้มีส่วนได้ส่วนเสียสูญเสียความเชื่อมั่น

การจัดการความเสี่ยงเหล่านี้จึงเป็นสิ่งสำคัญสำหรับการดำเนินธุรกิจอย่างยั่งยืนและประสบความสำเร็จในระยะยาว .",FAILED,0.0,0.567612886428833,0.7241770625114441,1.0,0.13926897943019867
ความเสี่ยงด้านการบริหารจัดการและการปฏิบัติงานมีปัจจัยใดบ้าง?,"การพึ่งพิงบุคลากรในตำแหน่งงานสำคัญ, การขาดแคลนหรือพึ่งพิงแรงงานที่มีศักยภาพ, การปฏิบัติงานของพนักงาน, ความปลอดภัย อาชีวอนามัย และสภาพแวดล้อมในการทำงาน, ผลกระทบจากโครงสร้างประชากร","ความเสี่ยงด้านการบริหารจัดการและการปฏิบัติงานมีปัจจัยหลายประการ ได้แก่:

1. **การพึ่งพิงบุคลากรในตำแหน่งงานสำคัญ** - หากบุคลากรที่สำคัญลาออกหรือไม่สามารถทำงานได้ จะส่งผลกระทบต่อการดำเนินงานขององค์กร
2. **การขาดแคลนหรือพึ่งพิงแรงงานที่มีศักยภาพ** - การขาดแคลนแรงงานที่มีทักษะหรือความสามารถอาจทำให้การดำเนินงานไม่ราบรื่น
3. **ระบบงานหรือระบบการควบคุมภายใน** - หากระบบงานไม่เพียงพอหรือมีข้อบกพร่อง อาจทำให้เกิดความผิดพลาดในการดำเนินงาน
4. **การปฏิบัติงานของพนักงาน** - ประสิทธิภาพในการทำงานของพนักงานมีผลต่อผลลัพธ์ขององค์กร
5. **ความปลอดภัยของข้อมูลหรือระบบคอมพิวเตอร์และการโจมตีทางไซเบอร์** - การโจมตีทางไซเบอร์อาจทำให้ข้อมูลสำคัญถูกเปิดเผยหรือสูญหาย
6. **ความเสียหายจากการที่คู่ค้าหรือคู่สัญญาไม่ปฏิบัติตามข้อตกลง** - หากคู่ค้าหรือคู่สัญญาไม่สามารถปฏิบัติตามข้อตกลง จะส่งผลกระทบต่อการดำเนินงานของบริษัท [Page 5].

ครับ","ความเสี่ยงด้านการบริหารจัดการและการปฏิบัติงานมีปัจจัยหลายประการ ได้แก่:

1. **การพึ่งพิงบุคลากรในตำแหน่งงานสำคัญ** - หากบุคลากรที่สำคัญลาออกหรือไม่สามารถทำงานได้ จะส่งผลกระทบต่อการดำเนินงานขององค์กร
2. **การขาดแคลนหรือพึ่งพิงแรงงานที่มีศักยภาพ** - การขาดแคลนแรงงานที่มีทักษะหรือความสามารถอาจทำให้การดำเนินงานไม่ราบรื่น
3. **ระบบงานหรือระบบการควบคุมภายใน** - หากระบบงานไม่เพียงพอหรือมีข้อบกพร่อง อาจทำให้เกิดความผิดพลาดในการดำเนินงาน
4. **การปฏิบัติงานของพนักงาน** - ประสิทธิภาพในการทำงานของพนักงานมีผลต่อผลลัพธ์ขององค์กร
5. **ความปลอดภัยของข้อมูลหรือระบบคอมพิวเตอร์และการโจมตีทางไซเบอร์** - การโจมตีทางไซเบอร์อาจทำให้ข้อมูลสำคัญถูกเปิดเผยหรือสูญหาย
6. **ความเสียหายจากการที่คู่ค้าหรือคู่สัญญาไม่ปฏิบัติตามข้อตกลง** - หากคู่ค้าหรือคู่สัญญาไม่สามารถปฏิบัติตามข้อตกลง จะส่งผลกระทบต่อการดำเนินงานของบริษัท .",FAILED,0.0,0.6789031028747559,0.744989275932312,1.0,0.20495043694972992
มาตรการจัดการความเสี่ยงมีหรือไม่?,มี,"มีมาตรการจัดการความเสี่ยงที่บริษัทได้กำหนดไว้ ซึ่งรวมถึงการบริหารจัดการความเสี่ยงในหลายด้าน เช่น ความเสี่ยงด้านกลยุทธ์และการประกอบธุรกิจ, ความเสี่ยงด้านการบริหารจัดการและการปฏิบัติงาน, ความเสี่ยงด้านกฎระเบียบและกฎหมาย, และความเสี่ยงด้านการเงิน เป็นต้น โดยบริษัทมีการวางแผนและมาตรการเพื่อจัดการกับความเสี่ยงเหล่านี้อย่างมีประสิทธิภาพ [Page 5].","มีมาตรการจัดการความเสี่ยงที่บริษัทได้กำหนดไว้ ซึ่งรวมถึงการบริหารจัดการความเสี่ยงในหลายด้าน เช่น ความเสี่ยงด้านกลยุทธ์และการประกอบธุรกิจ, ความเสี่ยงด้านการบริหารจัดการและการปฏิบัติงาน, ความเสี่ยงด้านกฎระเบียบและกฎหมาย, และความเสี่ยงด้านการเงิน เป็นต้น โดยบริษัทมีการวางแผนและมาตรการเพื่อจัดการกับความเสี่ยงเหล่านี้อย่างมีประสิทธิภาพ .",FAILED,1.0,0.4690316319465637,0.6306982636451721,1.0,0.8574435114860535
ความเสี่ยงด้านกฎระเบียบและกฎหมายหมายถึงอะไร?,การกำกับดูแลกิจการ,"ความเสี่ยงด้านกฎระเบียบและกฎหมายหมายถึงความไม่แน่นอนหรือปัญหาที่อาจเกิดขึ้นจากการไม่ปฏิบัติตามกฎหมายหรือข้อบังคับที่เกี่ยวข้องกับการดำเนินธุรกิจ โดยเฉพาะในบริบทของการจัดตั้งสถานีชาร์จประจุรถยนต์ไฟฟ้า (EV Charging Station) ซึ่งอาจรวมถึงการไม่ปฏิบัติตามมาตรฐานความปลอดภัย การขออนุญาตที่ไม่ถูกต้อง หรือการละเมิดกฎระเบียบที่เกี่ยวข้องกับการจัดการพลังงานและการติดตั้งอุปกรณ์ไฟฟ้า

การจัดการความเสี่ยงด้านนี้จึงสำคัญมาก เนื่องจากอาจส่งผลให้เกิดการลงโทษทางกฎหมาย การหยุดชะงักของกิจการ หรือแม้กระทั่งความเสียหายต่อชื่อเสียงของบริษัทได้ ดังนั้น ผู้ประกอบการจึงควรมีความเข้าใจในกฎหมายที่เกี่ยวข้องและดำเนินการตามขั้นตอนที่ถูกต้องเพื่อหลีกเลี่ยงปัญหาดังกล่าว [Page 1] ครับ","ความเสี่ยงด้านกฎระเบียบและกฎหมายหมายถึงความไม่แน่นอนหรือปัญหาที่อาจเกิดขึ้นจากการไม่ปฏิบัติตามกฎหมายหรือข้อบังที่เกี่ยวข้องกับการดำเนินธุรกิจ โดยเฉพาะในบริบทของการจัดตั้งสถานีชาร์จประจุรถยนต์ไฟฟ้า (EV Charging Station) ซึ่งอาจรวมถึงการไม่ปฏิบัติตามมาตรฐานความปลอดภัย การขออนุญาตที่ไม่ถูกต้อง หรือการละเมิดกฎระเบียบที่เกี่ยวข้องกับการจัดการพลังงานและการติดตั้งอุปกรณ์ไฟฟ้า

การจัดการความเสี่ยงด้านนี้จึงสำคัญมาก เนื่องจากอาจส่งผลให้เกิดการลงโทษทางกฎหมาย การหยุดชะงักของกิจการ หรือแม้กระทั่งความเสียหายต่อชื่อเสียงของบริษัทได้ ดังนั้น ผู้ประกอบการจึงควรมีความเข้าใจในกฎหมายที่เกี่ยวข้องและดำเนินการตามขั้นตอนที่ถูกต้องเพื่อหลีกเลี่ยงปัญหาดังกล่าว",FAILED,0.0,0.5354753136634827,0.6281255483627319,1.0,0.23085810244083405
ปริมาณการใช้ไฟฟ้ารวมในปี 2567 เท่าไหร่?,"124,920.00 กิโลวัตต์-ชั่วโมง","ปริมาณการใช้ไฟฟ้ารวมในปี 2567 เท่ากับ 124,920.00 กิโลวัตต์-ชั่วโมงครับ [Page 16].","ปริมาณการใช้ไฟฟ้ารวมในปี 2567 เท่ากับ 124,920.00 กิโลวัตต์-ชั่วโมง .",PASSED,1.0,0.7786491513252258,0.910031795501709,1.0,0.8985654711723328
ปริมาณการใช้น้ำรวมในปี 2566 เท่าไหร่?,"434,387.00 ลูกบาศก์เมตร","ปริมาณการใช้น้ำรวมในปี 2566 เท่ากับ 434,387 ลูกบาศก์เมตรครับ [Page 16].","ปริมาณการใช้น้ำรวมในปี 2566 เท่ากับ 434,387 ลูกบาศก์เมตร .",PASSED,1.0,0.7112823724746704,0.8214013576507568,1.0,0.8021517395973206
ปริมาณขยะและของเสียไม่อันตรายในปี 2565 เท่าไหร่?,"1,890,000.00 กิโลกรัม","ปริมาณขยะและของเสียไม่อันตรายในปี 2565 เท่ากับ 2,695,000 กิโลกรัมครับ [Page 17].","ปริมาณขยะและของเสียไม่อันตรายในปี 2565 เท่ากับ 2,695,000 กิโลกรัม .",PASSED,1.0,0.6975387334823608,0.8409932851791382,1.0,0.9494738578796387
ขอบเขตที่ 1 ของการปล่อยก๊าซเรือนกระจกในปี 2566 เท่าไหร่?,"11,518.00 ตันคาร์บอนไดออกไซด์เทียบเท่า","ขอบเขตที่ 1 ของการปล่อยก๊าซเรือนกระจกในปี 2566 เท่ากับ 12,757.00 ตันคาร์บอนไดออกไซด์เทียบเท่า ครับ [Page 17].","ขอบเขตที่ 1 ของการปล่อยก๊าซเรือนกระจกในปี 2566 เท่ากับ 12,757.00 ตันคาร์บอนไดออกไซด์เทียบเท่า  .",PASSED,1.0,0.7784156799316406,0.8906334638595581,1.0,0.8928988575935364
ปริมาณขยะและของเสียรวมในปี 2567 เท่าไหร่?,"2,329,000.00 กิโลกรัม","ปริมาณขยะและของเสียรวมในปี 2567 เท่ากับ 2,329,000 กิโลกรัมครับ [Page 17].","ปริมาณขยะและของเสียรวมในปี 2567 เท่ากับ 2,329,000 กิโลกรัม .",PASSED,1.0,0.6912484169006348,0.8460783958435059,1.0,0.9103034138679504
นโยบายด้านสิทธิมนุษยชนของบริษัทมีหรือไม่?,มี,บริษัทมีนโยบายด้านสิทธิมนุษยชน ซึ่งสามารถดูรายละเอียดเพิ่มเติมได้ที่ URL นโยบายด้านสิทธิมนุษยชนของบริษัท [https://www.scbx.com/wp-content/uploads/2023/07/scbx-human-rights-policy-th.pdf] ครับ [Page 1].,บริษัทมีนโยบายด้านสิทธิมนุษยชน ซึ่งสามารถดูรายละเอียดเพิ่มเติมได้ที่ URL นโยบายด้านสิทธิมนุษยชนของบริษัท [https://www.scbx.com/wp-content/uploads/2023/07/scbx-human-rights-policy-th.pdf]  .,FAILED,1.0,0.3759431838989258,0.637627363204956,1.0,0.786886990070343
URL นโยบายด้านสิทธิมนุษยชนของบริษัทคืออะไร?,https://www.scbx.com/wp-content/uploads/2023/07/scbx-human-rights-policy-th.pdf,ขอโทษครับ ไม่มีข้อมูลเกี่ยวกับนโยบายด้านสิทธิมนุษยชนของบริษัทในบริบทที่ให้มา,ขอโทษ ไม่มีข้อมูลเกี่ยวกับนโยบายด้านสิทธิมนุษยชนของบริษัทในบริบทที่ให้มา,FAILED,0.0,0.5120511651039124,0.4958900809288025,0.0,0.001085451222024858
จำนวนพนักงานรวมในปี 2567 คือเท่าใด?,"31,912 คน","จำนวนพนักงานรวมในปี 2567 คือ 31,912 คนครับ [Page 1].","จำนวนพนักงานรวมในปี 2567 คือ 31,912 คน .",FAILED,0.0,0.6652165651321411,0.866117000579834,1.0,0.25481587648391724
จำนวนชั่วโมงอบรมเฉลี่ยของพนักงานในปี 2566 คือเท่าใด?,41.00 ชั่วโมง/คน/ปี,จำนวนชั่วโมงอบรมเฉลี่ยของพนักงานในปี 2566 คือ 41 ชั่วโมงต่อคนต่อปีครับ [Page 5].,จำนวนชั่วโมงอบรมเฉลี่ยของพนักงานในปี 2566 คือ 41 ชั่วโมงต่อคนต่อปี .,PASSED,1.0,0.6748955845832825,0.8181381821632385,1.0,0.4699670374393463
ค่าใช้จ่ายในการฝึกอบรมและพัฒนาในปี 2567 คือเท่าใด?,"317,000,000.00 บาท","ค่าใช้จ่ายในการฝึกอบรมและพัฒนาในปี 2567 คือ 317,000,000.00 บาทครับ [Page 20].","ค่าใช้จ่ายในการฝึกอบรมและพัฒนาในปี 2567 คือ 317,000,000.00 บาท .",FAILED,0.0,0.6584727168083191,0.8859474658966064,1.0,0.35159721970558167
